Index,Category Number,Date,Value,Value_to_Max_Value_Ratio,FRED_Percentage_Diff
1,1,1/1/00,1636,0.71975363,0
2,1,2/1/00,1737,0.764188297,0.061735941
3,1,3/1/00,1604,0.705675319,-0.076568797
4,1,4/1/00,1626,0.715354158,0.013715711
5,1,5/1/00,1575,0.69291685,-0.031365314
6,1,6/1/00,1559,0.685877695,-0.01015873
7,1,7/1/00,1463,0.643642763,-0.061577935
8,1,8/1/00,1541,0.677958645,0.053315106
9,1,9/1/00,1507,0.66300044,-0.022063595
10,1,10/1/00,1549,0.681478223,0.02786994
11,1,11/1/00,1551,0.682358117,0.001291156
12,1,12/1/00,1532,0.67399912,-0.012250161
13,1,1/1/01,1600,0.70391553,0.044386423
14,1,2/1/01,1625,0.71491421,0.015625
15,1,3/1/01,1590,0.699516058,-0.021538462
16,1,4/1/01,1649,0.725472943,0.037106918
17,1,5/1/01,1605,0.706115266,-0.026682838
18,1,6/1/01,1636,0.71975363,0.019314642
19,1,7/1/01,1670,0.734711835,0.020782396
20,1,8/1/01,1567,0.689397272,-0.061676647
21,1,9/1/01,1562,0.687197536,-0.00319081
22,1,10/1/01,1540,0.677518698,-0.014084507
23,1,11/1/01,1602,0.704795425,0.04025974
24,1,12/1/01,1568,0.68983722,-0.021223471
25,1,1/1/02,1698,0.747030356,0.082908163
26,1,2/1/02,1829,0.80466344,0.077149588
27,1,3/1/02,1642,0.722393313,-0.102241662
28,1,4/1/02,1592,0.700395952,-0.03045067
29,1,5/1/02,1764,0.776066872,0.108040201
30,1,6/1/02,1717,0.755389353,-0.026643991
31,1,7/1/02,1655,0.728112626,-0.036109493
32,1,8/1/02,1633,0.718433788,-0.013293051
33,1,9/1/02,1804,0.79366476,0.104715248
34,1,10/1/02,1648,0.725032996,-0.086474501
35,1,11/1/02,1753,0.771227453,0.063713592
36,1,12/1/02,1788,0.786625605,0.019965773
37,1,1/1/03,1853,0.815222173,0.036353468
38,1,2/1/03,1629,0.716673999,-0.120885051
39,1,3/1/03,1726,0.759348878,0.059545734
40,1,4/1/03,1643,0.72283326,-0.048088065
41,1,5/1/03,1751,0.770347558,0.065733414
42,1,6/1/03,1867,0.821381434,0.066247858
43,1,7/1/03,1897,0.83457985,0.016068559
44,1,8/1/03,1833,0.806423229,-0.03373748
45,1,9/1/03,1939,0.853057633,0.057828696
46,1,10/1/03,1967,0.865376155,0.014440433
47,1,11/1/03,2083,0.916410031,0.058973055
48,1,12/1/03,2057,0.904971403,-0.012481997
49,1,1/1/04,1911,0.840739111,-0.070977151
50,1,2/1/04,1846,0.812142543,-0.034013605
51,1,3/1/04,1998,0.879014518,0.082340195
52,1,4/1/04,2003,0.881214254,0.002502503
53,1,5/1/04,1981,0.871535416,-0.010983525
54,1,6/1/04,1828,0.804223493,-0.07723372
55,1,7/1/04,2002,0.880774307,0.095185996
56,1,8/1/04,2024,0.890453146,0.010989011
57,1,9/1/04,1905,0.838099428,-0.058794466
58,1,10/1/04,2072,0.911570612,0.087664042
59,1,11/1/04,1782,0.783985922,-0.13996139
60,1,12/1/04,2042,0.898372195,0.145903479
61,1,1/1/05,2144,0.94324681,0.049951028
62,1,2/1/05,2207,0.970963484,0.029384328
63,1,3/1/05,1864,0.820061593,-0.15541459
64,1,4/1/05,2061,0.906731192,0.105686695
65,1,5/1/05,2025,0.890893093,-0.017467249
66,1,6/1/05,2068,0.909810823,0.021234568
67,1,7/1/05,2054,0.903651562,-0.006769826
68,1,8/1/05,2095,0.921689397,0.019961052
69,1,9/1/05,2151,0.946326441,0.02673031
70,1,10/1/05,2065,0.908490981,-0.039981404
71,1,11/1/05,2147,0.944566652,0.039709443
72,1,12/1/05,1994,0.877254729,-0.071262226
73,1,1/1/06,2273,1,0.139919759
74,1,2/1/06,2119,0.93224813,-0.06775187
75,1,3/1/06,1969,0.866256049,-0.070788108
76,1,4/1/06,1821,0.801143863,-0.075165058
77,1,5/1/06,1942,0.854377475,0.066447007
78,1,6/1/06,1802,0.792784866,-0.072090628
79,1,7/1/06,1737,0.764188297,-0.036071032
80,1,8/1/06,1650,0.72591289,-0.050086356
81,1,9/1/06,1720,0.756709195,0.042424242
82,1,10/1/06,1491,0.655961285,-0.133139535
83,1,11/1/06,1570,0.690717114,0.052984574
84,1,12/1/06,1649,0.725472943,0.050318471
85,1,1/1/07,1409,0.619885614,-0.145542753
86,1,2/1/07,1480,0.651121865,0.050390348
87,1,3/1/07,1495,0.657721073,0.010135135
88,1,4/1/07,1490,0.655521337,-0.003344482
89,1,5/1/07,1415,0.622525297,-0.05033557
90,1,6/1/07,1448,0.637043555,0.023321555
91,1,7/1/07,1354,0.595688517,-0.064917127
92,1,8/1/07,1330,0.585129784,-0.017725258
93,1,9/1/07,1183,0.520457545,-0.110526316
94,1,10/1/07,1264,0.556093269,0.068469992
95,1,11/1/07,1197,0.526616806,-0.053006329
96,1,12/1/07,1037,0.456225253,-0.133667502
97,1,1/1/08,1084,0.476902772,0.045323047
98,1,2/1/08,1103,0.485261769,0.017527675
99,1,3/1/08,1005,0.442146942,-0.088848595
100,1,4/1/08,1013,0.44566652,0.007960199
101,1,5/1/08,973,0.428068632,-0.039486673
102,1,6/1/08,1046,0.460184778,0.075025694
103,1,7/1/08,923,0.406071271,-0.117590822
104,1,8/1/08,844,0.371315442,-0.085590466
105,1,9/1/08,820,0.360756709,-0.028436019
106,1,10/1/08,777,0.341838979,-0.052439024
107,1,11/1/08,652,0.286845579,-0.160875161
108,1,12/1/08,560,0.246370436,-0.141104294
109,1,1/1/09,490,0.215574131,-0.125
110,1,2/1/09,582,0.256049274,0.187755102
111,1,3/1/09,505,0.222173339,-0.132302405
112,1,4/1/09,478,0.210294765,-0.053465347
113,1,5/1/09,540,0.237571491,0.129707113
114,1,6/1/09,585,0.257369116,0.083333333
115,1,7/1/09,594,0.261328641,0.015384615
116,1,8/1/09,586,0.257809063,-0.013468013
117,1,9/1/09,585,0.257369116,-0.001706485
118,1,10/1/09,534,0.234931808,-0.087179487
119,1,11/1/09,588,0.258688957,0.101123596
120,1,12/1/09,581,0.255609327,-0.011904762
121,1,1/1/10,614,0.270127585,0.056798623
122,1,2/1/10,604,0.265728113,-0.016286645
123,1,3/1/10,636,0.279806423,0.052980132
124,1,4/1/10,687,0.302243731,0.080188679
125,1,5/1/10,583,0.256489221,-0.151382824
126,1,6/1/10,536,0.235811703,-0.080617496
127,1,7/1/10,546,0.240211175,0.018656716
128,1,8/1/10,599,0.263528377,0.097069597
129,1,9/1/10,594,0.261328641,-0.008347245
130,1,10/1/10,543,0.238891333,-0.085858586
131,1,11/1/10,545,0.239771227,0.003683241
132,1,12/1/10,539,0.237131544,-0.011009174
133,1,1/1/11,630,0.27716674,0.168831169
134,1,2/1/11,517,0.227452706,-0.179365079
135,1,3/1/11,600,0.263968324,0.160541586
136,1,4/1/11,554,0.243730752,-0.076666667
137,1,5/1/11,561,0.246810383,0.012635379
138,1,6/1/11,608,0.267487901,0.083778966
139,1,7/1/11,623,0.27408711,0.024671053
140,1,8/1/11,585,0.257369116,-0.060995185
141,1,9/1/11,650,0.285965684,0.111111111
142,1,10/1/11,610,0.268367796,-0.061538462
143,1,11/1/11,711,0.312802464,0.16557377
144,1,12/1/11,694,0.305323361,-0.023909986
145,1,1/1/12,723,0.31808183,0.041786744
146,1,2/1/12,704,0.309722833,-0.026279391
147,1,3/1/12,695,0.305763308,-0.012784091
148,1,4/1/12,753,0.331280246,0.083453237
149,1,5/1/12,708,0.311482622,-0.059760956
150,1,6/1/12,757,0.333040035,0.06920904
151,1,7/1/12,740,0.325560933,-0.022457067
152,1,8/1/12,754,0.331720194,0.018918919
153,1,9/1/12,847,0.372635284,0.123342175
154,1,10/1/12,915,0.402551694,0.080283353
155,1,11/1/12,833,0.366476023,-0.089617486
156,1,12/1/12,976,0.429388473,0.171668667
157,1,1/1/13,888,0.390673119,-0.090163934
158,1,2/1/13,962,0.423229212,0.083333333
159,1,3/1/13,1010,0.444346678,0.04989605
160,1,4/1/13,835,0.367355917,-0.173267327
161,1,5/1/13,930,0.409150902,0.113772455
162,1,6/1/13,839,0.369115706,-0.097849462
163,1,7/1/13,880,0.387153542,0.0488677
164,1,8/1/13,917,0.403431588,0.042045455
165,1,9/1/13,850,0.373955125,-0.07306434
166,1,10/1/13,925,0.406951166,0.088235294
167,1,11/1/13,1100,0.483941927,0.189189189
168,1,12/1/13,1002,0.440827101,-0.089090909
169,1,1/1/14,888,0.390673119,-0.113772455
170,1,2/1/14,944,0.415310163,0.063063063
171,1,3/1/14,970,0.42674879,0.027542373
172,1,4/1/14,1043,0.458864936,0.075257732
173,1,5/1/14,1007,0.443026837,-0.03451582
174,1,6/1/14,911,0.400791905,-0.095332671
175,1,7/1/14,1085,0.477342719,0.190998902
176,1,8/1/14,984,0.432908051,-0.093087558
177,1,9/1/14,1023,0.450065992,0.039634146
178,1,10/1/14,1074,0.4725033,0.049853372
179,1,11/1/14,1001,0.440387154,-0.067970205
180,1,12/1/14,1073,0.472063352,0.071928072
181,1,1/1/15,1092,0.480422349,0.017707363
182,1,2/1/15,888,0.390673119,-0.186813187
183,1,3/1/15,962,0.423229212,0.083333333
184,1,4/1/15,1191,0.523977123,0.238045738
185,1,5/1/15,1081,0.47558293,-0.092359362
186,1,6/1/15,1199,0.5274967,0.109158187
187,1,7/1/15,1138,0.500659921,-0.05087573
188,1,8/1/15,1132,0.498020238,-0.005272408
189,1,9/1/15,1215,0.534535856,0.073321555
190,1,10/1/15,1062,0.467223933,-0.125925926
191,1,11/1/15,1169,0.514298284,0.100753296
192,1,12/1/15,1157,0.509018918,-0.010265184
193,1,1/1/16,1114,0.490101188,-0.037165082
194,1,2/1/16,1208,0.531456225,0.08438061
195,1,3/1/16,1115,0.490541135,-0.076986755
196,1,4/1/16,1160,0.510338759,0.040358744
197,1,5/1/16,1131,0.49758029,-0.025
198,1,6/1/16,1191,0.523977123,0.053050398
199,1,7/1/16,1232,0.542014958,0.034424853
200,1,8/1/16,1159,0.509898812,-0.059253247
201,1,9/1/16,1063,0.46766388,-0.082830026
202,1,10/1/16,1325,0.582930048,0.246472248
203,1,11/1/16,1150,0.505939287,-0.132075472
204,1,12/1/16,1287,0.566212055,0.119130435
205,1,1/1/17,1221,0.537175539,-0.051282051
206,1,2/1/17,1292,0.568411791,0.058149058
207,1,3/1/17,1179,0.518697756,-0.0874613
208,1,4/1/17,1152,0.506819182,-0.022900763
209,1,5/1/17,1124,0.49450066,-0.024305556
210,1,6/1/17,1232,0.542014958,0.096085409
211,1,7/1/17,1196,0.526176859,-0.029220779
212,1,8/1/17,1167,0.51341839,-0.024247492
213,1,9/1/17,1163,0.511658601,-0.003427592
214,1,10/1/17,1261,0.554773427,0.084264832
215,1,11/1/17,1299,0.571491421,0.030134814
216,1,12/1/17,1219,0.536295645,-0.061585835
217,1,1/1/18,1335,0.58732952,0.095159967
218,1,2/1/18,1295,0.569731632,-0.029962547
219,1,3/1/18,1332,0.586009679,0.028571429
220,1,4/1/18,1267,0.55741311,-0.048798799
221,1,5/1/18,1332,0.586009679,0.051302289
222,1,6/1/18,1180,0.519137703,-0.114114114
223,1,7/1/18,1184,0.520897492,0.003389831
224,1,8/1/18,1279,0.562692477,0.080236486
225,1,9/1/18,1236,0.543774747,-0.033620016
226,1,10/1/18,1211,0.532776067,-0.020226537
227,1,11/1/18,1202,0.528816542,-0.007431874
228,1,12/1/18,1142,0.50241971,-0.049916805
229,1,1/1/19,1291,0.567971843,0.130472855
230,1,2/1/19,1149,0.50549934,-0.109992254
231,1,3/1/19,1199,0.5274967,0.043516101
232,1,4/1/19,1270,0.558732952,0.059216013
233,1,5/1/19,1264,0.556093269,-0.004724409
234,1,6/1/19,1233,0.542454905,-0.024525316
235,1,7/1/19,1215,0.534535856,-0.01459854
236,1,8/1/19,1364,0.600087989,0.122633745
,,,,,
237,2,1/1/00,100.6,0.465461949,0
238,2,2/1/00,101.7,0.470564923,0.010963245
239,2,3/1/00,102.8,0.475614983,0.01073191
240,2,4/1/00,104,0.481226166,0.011797742
241,2,5/1/00,105.3,0.487039862,0.012081007
242,2,6/1/00,106.4,0.492360039,0.010923493
243,2,7/1/00,107.1,0.495744658,0.006874277
244,2,8/1/00,107.9,0.49911068,0.006789829
245,2,9/1/00,108.6,0.502575215,0.006941417
246,2,10/1/00,109.5,0.506632101,0.008072196
247,2,11/1/00,110.6,0.51165206,0.00990849
248,2,12/1/00,111.8,0.517339777,0.011116377
249,2,1/1/01,113.1,0.523136087,0.011204069
250,2,2/1/01,114.1,0.528102921,0.009494343
251,2,3/1/01,115.1,0.532537506,0.008397199
252,2,4/1/01,115.8,0.536032807,0.006563484
253,2,5/1/01,116.3,0.538162329,0.003972745
254,2,6/1/01,116.9,0.540934195,0.005150613
255,2,7/1/01,117.5,0.543695753,0.005105165
256,2,8/1/01,118.2,0.547159904,0.006371488
257,2,9/1/01,119,0.550781909,0.006619647
258,2,10/1/01,119.7,0.553864155,0.005596128
259,2,11/1/01,120.3,0.556551218,0.004851484
260,2,12/1/01,120.7,0.558390672,0.003305093
261,2,1/1/02,121.4,0.561574539,0.005701862
262,2,2/1/02,122.2,0.565417566,0.006843307
263,2,3/1/02,123.3,0.570649219,0.009252725
264,2,4/1/02,124.5,0.576139258,0.00962069
265,2,5/1/02,125.9,0.582694464,0.011377815
266,2,6/1/02,127.4,0.589468893,0.011626039
267,2,7/1/02,128.9,0.596368617,0.011704985
268,2,8/1/02,130.3,0.602974832,0.011077402
269,2,9/1/02,131.5,0.608618906,0.009360381
270,2,10/1/02,132.8,0.614725655,0.010033781
271,2,11/1/02,134.1,0.620511418,0.009411943
272,2,12/1/02,135.4,0.626565298,0.009756275
273,2,1/1/03,136.5,0.631477212,0.007839428
274,2,2/1/03,137.5,0.636039727,0.007225146
275,2,3/1/03,138.4,0.640323952,0.006735782
276,2,4/1/03,139.3,0.644357038,0.006298509
277,2,5/1/03,140.1,0.648506773,0.006440117
278,2,6/1/03,140.9,0.652082409,0.005513644
279,2,7/1/03,142.1,0.657631257,0.008509428
280,2,8/1/03,143.6,0.664261594,0.010082151
281,2,9/1/03,145.3,0.672172572,0.01190943
282,2,10/1/03,147,0.680174256,0.011904211
283,2,11/1/03,148.8,0.68865402,0.012467047
284,2,12/1/03,150.8,0.697612611,0.013008841
285,2,1/1/04,152.6,0.706246884,0.012376889
286,2,2/1/04,154.5,0.715090792,0.012522403
287,2,3/1/04,156.9,0.726110328,0.015409982
288,2,4/1/04,159.4,0.737410649,0.015562815
289,2,5/1/04,161.8,0.748476307,0.0150061
290,2,6/1/04,164.3,0.76029628,0.015792048
291,2,7/1/04,166.4,0.769929047,0.012669753
292,2,8/1/04,168.1,0.777722305,0.010122047
293,2,9/1/04,169.7,0.785047805,0.009419173
294,2,10/1/04,171.3,0.792649833,0.009683522
295,2,11/1/04,173.1,0.800933411,0.010450488
296,2,12/1/04,175.1,0.810183825,0.011549542
297,2,1/1/05,177.5,0.821564184,0.014046638
298,2,2/1/05,180.2,0.834070678,0.015222784
299,2,3/1/05,183.2,0.847665685,0.016299586
300,2,4/1/05,185.5,0.858437035,0.012707073
301,2,5/1/05,187.5,0.867854963,0.010971018
302,2,6/1/05,189.5,0.877021601,0.010562407
303,2,7/1/05,191.4,0.885576895,0.009754941
304,2,8/1/05,193.4,0.89477479,0.010386331
305,2,9/1/05,195.6,0.905201342,0.011652711
306,2,10/1/05,197.9,0.915674698,0.011570195
307,2,11/1/05,200.1,0.926157328,0.011447984
308,2,12/1/05,202.2,0.935546016,0.01013725
309,2,1/1/06,203.8,0.942919743,0.007881737
310,2,2/1/06,205.4,0.950281711,0.007807629
311,2,3/1/06,206.1,0.953876143,0.003782491
312,2,4/1/06,206.7,0.956268013,0.002507527
313,2,5/1/06,206.5,0.95559619,-0.000702546
314,2,6/1/06,205.8,0.952343543,-0.003403789
315,2,7/1/06,204.9,0.948313401,-0.004231815
316,2,8/1/06,204.1,0.944488375,-0.004033504
317,2,9/1/06,203.6,0.942062971,-0.002567955
318,2,10/1/06,203.6,0.941897888,-0.000175236
319,2,11/1/06,203.7,0.942375271,0.000506831
320,2,12/1/06,203.5,0.941554844,-0.000870595
321,2,1/1/07,203.7,0.942792012,0.001313964
322,2,2/1/07,204.1,0.944307854,0.001607822
323,2,3/1/07,203.9,0.943669449,-0.000676056
324,2,4/1/07,202.9,0.938805671,-0.005154112
325,2,5/1/07,201,0.930264369,-0.009098051
326,2,6/1/07,198.8,0.920140614,-0.010882665
327,2,7/1/07,196.8,0.91087328,-0.01007165
328,2,8/1/07,194.9,0.901828135,-0.00993019
329,2,9/1/07,193.1,0.89365923,-0.009058162
330,2,10/1/07,191,0.883732534,-0.011107921
331,2,11/1/07,187.9,0.869502236,-0.016102494
332,2,12/1/07,185.1,0.856526171,-0.014923557
333,2,1/1/08,182.1,0.842833736,-0.015986009
334,2,2/1/08,178.6,0.8262265,-0.019704048
335,2,3/1/08,175.1,0.810218538,-0.019374785
336,2,4/1/08,172.4,0.797964817,-0.015123971
337,2,5/1/08,169.6,0.784633828,-0.016706236
338,2,6/1/08,167.2,0.773597422,-0.014065677
339,2,7/1/08,164.4,0.760745246,-0.016613519
340,2,8/1/08,162.1,0.75015626,-0.013919227
341,2,9/1/08,159.1,0.736280119,-0.018497667
342,2,10/1/08,156.3,0.723237258,-0.017714537
343,2,11/1/08,153.7,0.7110308,-0.016877529
344,2,12/1/08,150.7,0.69747276,-0.019068147
345,2,1/1/09,147.7,0.683543061,-0.019971674
346,2,2/1/09,145.6,0.673819067,-0.014225869
347,2,3/1/09,142.7,0.660321831,-0.02003095
348,2,4/1/09,141.6,0.655063773,-0.007962871
349,2,5/1/09,140.8,0.65173699,-0.005078564
350,2,6/1/09,141.3,0.653821913,0.003199026
351,2,7/1/09,142.3,0.658251393,0.006774749
352,2,8/1/09,143.5,0.663899815,0.00858095
353,2,9/1/09,144.1,0.666665983,0.004166545
354,2,10/1/09,144.8,0.670014671,0.005023037
355,2,11/1/09,145.5,0.67315021,0.004679807
356,2,12/1/09,146.2,0.676732861,0.005322216
357,2,1/1/10,146.9,0.679906099,0.004689057
358,2,2/1/10,146.9,6.80E-01,-5.21E-05
359,2,3/1/10,146.2,0.676545408,-0.004891045
360,2,4/1/10,147.1,0.680526515,0.005884465
361,2,5/1/10,147.3,0.681482461,0.001404715
362,2,6/1/10,147,0.68043984,-0.001529931
363,2,7/1/10,146.4,0.677476205,-0.00435547
364,2,8/1/10,145.5,0.673446579,-0.005947996
365,2,9/1/10,144.6,0.668882977,-0.006776487
366,2,10/1/10,143.6,0.664594211,-0.006411833
367,2,11/1/10,143.3,0.663002021,-0.002395733
368,2,12/1/10,143,0.661546695,-0.002195055
369,2,1/1/11,142.6,0.659804857,-0.002632978
370,2,2/1/11,142.1,0.657372825,-0.003685986
371,2,3/1/11,140.4,0.649710995,-0.011655229
372,2,4/1/11,140.7,0.651049467,0.002060104
373,2,5/1/11,140.4,0.649813581,-0.001898297
374,2,6/1/11,140.4,0.649533403,-0.000431167
375,2,7/1/11,140.3,0.649313328,-0.00033882
376,2,8/1/11,140,0.647996068,-0.002028698
377,2,9/1/11,139.4,0.645112314,-0.004450264
378,2,10/1/11,138.7,0.641597662,-0.005448124
379,2,11/1/11,137.9,0.638294712,-0.005148008
380,2,12/1/11,137.4,0.635657679,-0.004131372
381,2,1/1/12,137.1,0.634604148,-0.001657388
382,2,2/1/12,137,0.634083899,-0.000819801
383,2,3/1/12,136.6,0.632170582,-0.00301745
384,2,4/1/12,137.9,0.638046087,0.009294176
385,2,5/1/12,139.5,0.645324399,0.011407188
386,2,6/1/12,141,0.652597348,0.011270221
387,2,7/1/12,142,0.656906608,0.006603246
388,2,8/1/12,142.9,0.661240794,0.006597872
389,2,9/1/12,143.8,0.665493221,0.006430981
390,2,10/1/12,144.8,0.670041952,0.006835127
391,2,11/1/12,145.8,0.674709448,0.006965976
392,2,12/1/12,147.1,0.680727634,0.00891967
393,2,1/1/13,148.3,0.686373251,0.008293503
394,2,2/1/13,149.6,0.692334803,0.008685583
395,2,3/1/13,151,0.698634971,0.009099886
396,2,4/1/13,153.9,0.712058609,0.019214094
397,2,5/1/13,156,0.721961981,0.013908085
398,2,6/1/13,157.9,0.730433684,0.01173428
399,2,7/1/13,159.6,0.738550742,0.011112655
400,2,8/1/13,161.4,0.74687537,0.011271572
401,2,9/1/13,163.3,0.755548159,0.011612096
402,2,10/1/13,164.8,0.762604801,0.009339765
403,2,11/1/13,166,0.76822504,0.007369792
404,2,12/1/13,166.9,0.772396813,0.005430405
405,2,1/1/14,167.9,0.776746816,0.005631825
406,2,2/1/14,168.6,0.77996364,0.004141405
407,2,3/1/14,169.2,0.783133364,0.004063938
408,2,4/1/14,170,0.786512758,0.004315221
409,2,5/1/14,170.3,0.787851968,0.001702719
410,2,6/1/14,170.6,0.789230146,0.001749285
411,2,7/1/14,170.6,0.789615598,0.00048839
412,2,8/1/14,170.7,7.90E-01,5.80E-05
413,2,9/1/14,171.5,0.793472332,0.004826065
414,2,10/1/14,172.4,0.797790558,0.005442189
415,2,11/1/14,173.2,0.801379156,0.00449817
416,2,12/1/14,174.2,0.806198593,0.006013928
417,2,1/1/15,175.1,0.81009596,0.004834252
418,2,2/1/15,176.4,0.816326132,0.00769066
419,2,3/1/15,177.1,0.819512522,0.003903329
420,2,4/1/15,177.8,0.82264692,0.003824711
421,2,5/1/15,178.3,0.825179791,0.003078928
422,2,6/1/15,178.9,0.827666163,0.003013127
423,2,7/1/15,179.4,0.83005161,0.002882137
424,2,8/1/15,179.5,0.830482809,0.000519485
425,2,9/1/15,180.9,0.837136161,0.008011426
426,2,10/1/15,181.9,0.841816748,0.00559119
427,2,11/1/15,183,0.846924303,0.006067299
428,2,12/1/15,183.9,0.850889698,0.004682113
429,2,1/1/16,184.7,0.854782826,0.004575362
430,2,2/1/16,185.5,0.858489977,0.00433695
431,2,3/1/16,186.3,0.862270267,0.004403418
432,2,4/1/16,187,0.865514406,0.003762323
433,2,5/1/16,187.5,0.867630535,0.002444937
434,2,6/1/16,188.1,0.870408286,0.003201537
435,2,7/1/16,188.7,0.87330494,0.003327926
436,2,8/1/16,188.8,0.873409781,0.000120051
437,2,9/1/16,190.3,0.8807332,0.00838486
438,2,10/1/16,191.3,0.88500425,0.004849426
439,2,11/1/16,192.5,0.890720572,0.00645909
440,2,12/1/16,193.8,0.896816267,0.006843555
441,2,1/1/17,195.1,0.902730487,0.006594685
442,2,2/1/17,196.1,0.907566833,0.005357464
443,2,3/1/17,197,0.91161666,0.00446229
444,2,4/1/17,197.5,0.913841194,0.002440207
445,2,5/1/17,198.2,0.917026978,0.003486146
446,2,6/1/17,198.8,0.920005303,0.003247805
447,2,7/1/17,199.9,0.924978429,0.005405541
448,2,8/1/17,199.8,0.924686701,-0.000315389
449,2,9/1/17,202.2,0.935706897,0.011917762
450,2,10/1/17,203.4,0.94132955,0.006008989
451,2,11/1/17,204.7,0.947382825,0.006430559
452,2,12/1/17,205.9,0.952902842,0.005826596
453,2,1/1/18,207.4,0.959679158,0.007111235
454,2,2/1/18,209.1,0.967663584,0.008319891
455,2,3/1/18,210.1,0.972089549,0.004573868
456,2,4/1/18,210.4,0.973662116,0.001617718
457,2,5/1/18,210.9,0.976032277,0.002434275
458,2,6/1/18,211.4,0.978368267,0.002393353
459,2,7/1/18,211.8,0.980008956,0.001676966
460,2,8/1/18,210.9,0.97597467,-0.004116581
461,2,9/1/18,212.7,0.984432109,0.008665633
462,2,10/1/18,213.5,0.987965237,0.003589001
463,2,11/1/18,213.9,0.989878211,0.001936277
464,2,12/1/18,214.2,0.99133302,0.001469685
465,2,1/1/19,214.4,0.992304708,0.000980183
466,2,2/1/19,215,0.994980262,0.002696304
467,2,3/1/19,215.4,0.996686105,0.001714449
468,2,4/1/19,215.6,0.997801411,0.001119014
469,2,5/1/19,215.9,0.999145966,0.001347518
470,2,6/1/19,216.1,0.999778355,0.000632929
471,2,7/1/19,216.1,1,0.000221694
,,,,,
472,3,1/1/00,169.3,0.66040459,0
473,3,2/1/00,170,0.663135147,0.004134672
474,3,3/1/00,171,0.667035942,0.005882353
475,3,4/1/00,170.9,0.666645862,-0.000584795
476,3,5/1/00,171.2,0.667816101,0.001755413
477,3,6/1/00,172.2,0.671716896,0.005841121
478,3,7/1/00,172.7,0.673667293,0.0029036
479,3,8/1/00,172.7,0.673667293,0
480,3,9/1/00,173.6,0.677178009,0.005211349
481,3,10/1/00,173.9,0.678348247,0.001728111
482,3,11/1/00,174.2,0.679518486,0.001725129
483,3,12/1/00,174.6,0.681078804,0.002296211
484,3,1/1/01,175.6,0.684979599,0.005727377
485,3,2/1/01,176,0.686539917,0.002277904
486,3,3/1/01,176.1,0.686929996,0.000568182
487,3,4/1/01,176.4,0.688100235,0.001703578
488,3,5/1/01,177.3,0.69161095,0.005102041
489,3,6/1/01,177.7,0.693171268,0.002256063
490,3,7/1/01,177.4,0.69200103,-0.001688239
491,3,8/1/01,177.4,0.69200103,0
492,3,9/1/01,178.1,0.694731586,0.003945885
493,3,10/1/01,177.6,0.692781189,-0.002807412
494,3,11/1/01,177.5,0.692391109,-0.000563063
495,3,12/1/01,177.4,0.69200103,-0.00056338
496,3,1/1/02,177.7,0.693171268,0.001691094
497,3,2/1/02,178,0.694341507,0.001688239
498,3,3/1/02,178.5,0.696291904,0.002808989
499,3,4/1/02,179.3,0.69941254,0.004481793
500,3,5/1/02,179.5,0.700192699,0.001115449
501,3,6/1/02,179.6,0.700582779,0.000557103
502,3,7/1/02,180,0.702143097,0.002227171
503,3,8/1/02,180.5,0.704093494,0.002777778
504,3,9/1/02,180.8,0.705263733,0.00166205
505,3,10/1/02,181.2,0.706824051,0.002212389
506,3,11/1/02,181.5,0.707994289,0.001655629
507,3,12/1/02,181.8,0.709164528,0.001652893
508,3,1/1/03,182.6,0.712285164,0.00440044
509,3,2/1/03,183.6,0.716185959,0.005476451
510,3,3/1/03,183.9,0.717356197,0.001633987
511,3,4/1/03,183.2,0.714625641,-0.003806417
512,3,5/1/03,182.9,0.713455402,-0.001637555
513,3,6/1/03,183.1,0.714235561,0.001093494
514,3,7/1/03,183.7,0.716576038,0.003276898
515,3,8/1/03,184.5,0.719696674,0.004354927
516,3,9/1/03,185.1,0.722037151,0.003252033
517,3,10/1/03,184.9,0.721256992,-0.001080497
518,3,11/1/03,185,0.721647072,0.000540833
519,3,12/1/03,185.5,0.723597469,0.002702703
520,3,1/1/04,186.3,0.726718105,0.004312668
521,3,2/1/04,186.7,0.728278423,0.002147075
522,3,3/1/04,187.1,0.729838741,0.002142475
523,3,4/1/04,187.4,0.73100898,0.001603421
524,3,5/1/04,188.2,0.734129616,0.004268943
525,3,6/1/04,188.9,0.736860172,0.003719447
526,3,7/1/04,189.1,0.737640331,0.001058761
527,3,8/1/04,189.2,0.738030411,0.000528821
528,3,9/1/04,189.8,0.740370888,0.003171247
529,3,10/1/04,190.8,0.744271683,0.005268704
530,3,11/1/04,191.7,0.747782398,0.004716981
531,3,12/1/04,191.7,0.747782398,0
532,3,1/1/05,191.6,0.747392319,-0.000521648
533,3,2/1/05,192.4,0.750512955,0.004175365
534,3,3/1/05,193.1,0.753243511,0.003638254
535,3,4/1/05,193.7,0.755583988,0.003107198
536,3,5/1/05,193.6,0.755193909,-0.000516262
537,3,6/1/05,193.7,0.755583988,0.000516529
538,3,7/1/05,194.9,0.760264942,0.006195147
539,3,8/1/05,196.1,0.764945896,0.006157004
540,3,9/1/05,198.8,0.775478042,0.013768485
541,3,10/1/05,199.1,0.776648281,0.001509054
542,3,11/1/05,198.1,0.772747486,-0.005022602
543,3,12/1/05,198.1,0.772747486,0
544,3,1/1/06,199.3,0.77742844,0.006057547
545,3,2/1/06,199.4,0.777818519,0.000501756
546,3,3/1/06,199.7,0.778988758,0.001504514
547,3,4/1/06,200.7,0.782889553,0.005007511
548,3,5/1/06,201.3,0.78523003,0.002989537
549,3,6/1/06,201.8,0.787180427,0.002483855
550,3,7/1/06,202.9,0.791471302,0.005450942
551,3,8/1/06,203.8,0.794982017,0.004435683
552,3,9/1/06,202.8,0.791081222,-0.004906771
553,3,10/1/06,201.9,0.787570507,-0.00443787
554,3,11/1/06,202,0.787960586,0.000495295
555,3,12/1/06,203.1,0.792251461,0.005445545
556,3,1/1/07,203.4,0.793566029,0.001659281
557,3,2/1/07,204.2,0.796643756,0.003878351
558,3,3/1/07,205.3,0.8007864,0.005200121
559,3,4/1/07,205.9,0.80318929,0.003000662
560,3,5/1/07,206.8,0.806508867,0.004132994
561,3,6/1/07,207.2,0.808377347,0.002316752
562,3,7/1/07,207.6,0.809816741,0.001780596
563,3,8/1/07,207.7,0.810066392,0.000308281
564,3,9/1/07,208.5,0.813499091,0.004237553
565,3,10/1/07,209.2,0.816007302,0.003083238
566,3,11/1/07,210.8,0.822420209,0.007858884
567,3,12/1/07,211.4,0.824803595,0.002898015
568,3,1/1/08,212.2,0.827647275,0.003447705
569,3,2/1/08,212.7,0.829648382,0.002417827
570,3,3/1/08,213.4,0.832616887,0.003578028
571,3,4/1/08,213.9,0.83454388,0.002314381
572,3,5/1/08,215.2,0.839482286,0.005917492
573,3,6/1/08,217.5,0.848278579,0.010478235
574,3,7/1/08,219,0.854336514,0.007141445
575,3,8/1/08,218.7,0.853064855,-0.001488476
576,3,9/1/08,218.9,0.853794303,0.000855092
577,3,10/1/08,217,0.846453007,-0.008598437
578,3,11/1/08,213.2,0.831466153,-0.017705477
579,3,12/1/08,211.4,0.824620258,-0.008233522
580,3,1/1/09,211.9,0.826707183,0.002530771
581,3,2/1/09,212.7,0.829718597,0.003642661
582,3,3/1/09,212.5,0.82889943,-0.000987283
583,3,4/1/09,212.7,0.8297342,0.001007083
584,3,5/1/09,213,0.830955149,0.001471494
585,3,6/1/09,214.8,0.837851754,0.008299612
586,3,7/1/09,214.7,0.837602103,-0.000297965
587,3,8/1/09,215.4,0.840406775,0.003348453
588,3,9/1/09,215.9,0.842029506,0.001930887
589,3,10/1/09,216.5,0.844557221,0.003001932
590,3,11/1/09,217.2,0.847385297,0.003348591
591,3,12/1/09,217.3,0.847826087,0.000520176
592,3,1/1/10,217.5,0.848376099,0.000648732
593,3,2/1/10,217.3,0.847568634,-0.000951777
594,3,3/1/10,217.4,0.847849492,0.000331368
595,3,4/1/10,217.4,0.848044531,0.000230041
596,3,5/1/10,217.3,0.847603742,-0.000519772
597,3,6/1/10,217.2,0.847248769,-0.000418795
598,3,7/1/10,217.6,0.848832492,0.001869254
599,3,8/1/10,217.9,0.850072945,0.001461363
600,3,9/1/10,218.3,0.851446025,0.001615249
601,3,10/1/10,219,0.854410629,0.003481846
602,3,11/1/10,219.6,0.85657557,0.002533842
603,3,12/1/10,220.5,0.860016071,0.004016576
604,3,1/1/11,221.2,0.86280514,0.003243042
605,3,2/1/11,221.9,0.865578605,0.003214475
606,3,3/1/11,223,0.870056718,0.005173548
607,3,4/1/11,224.1,0.87414085,0.004694099
608,3,5/1/11,224.8,0.876922117,0.003181715
609,3,6/1/11,224.8,0.876922117,0
610,3,7/1/11,225.4,0.879219685,0.002620037
611,3,8/1/11,226.1,0.88199315,0.003154462
612,3,9/1/11,226.6,0.883908441,0.002171548
613,3,10/1/11,226.8,0.884505262,0.000675208
614,3,11/1/11,227.2,0.886139695,0.00184785
615,3,12/1/11,227.2,0.886350338,0.000237708
616,3,1/1/12,227.8,0.88876493,0.002724196
617,3,2/1/12,228.3,0.890664617,0.002137446
618,3,3/1/12,228.8,0.892529197,0.00209347
619,3,4/1/12,229.2,0.8940115,0.001660788
620,3,5/1/12,228.7,0.892162523,-0.00206818
621,3,6/1/12,228.5,0.891425272,-0.000826363
622,3,7/1/12,228.6,0.891682725,0.00028881
623,3,8/1/12,229.9,0.896862981,0.005809528
624,3,9/1/12,231,0.901142153,0.004771266
625,3,10/1/12,231.6,0.903572348,0.002696795
626,3,11/1/12,231.2,0.902054939,-0.001679344
627,3,12/1/12,231.2,0.901945717,-0.000121082
628,3,1/1/13,231.7,0.903732281,0.001980789
629,3,2/1/13,232.9,0.908639481,0.005429927
630,3,3/1/13,232.3,0.90608446,-0.002811919
631,3,4/1/13,231.8,0.904192574,-0.002087979
632,3,5/1/13,231.9,0.904567051,0.000414155
633,3,6/1/13,232.4,0.90672029,0.002380408
634,3,7/1/13,232.9,0.908495151,0.001957452
635,3,8/1/13,233.5,0.910663993,0.002387291
636,3,9/1/13,233.5,0.911007263,0.000376945
637,3,10/1/13,233.7,0.911494863,0.000535231
638,3,11/1/13,234.1,0.913176105,0.001844489
639,3,12/1/13,234.7,0.915590697,0.002644169
640,3,1/1/14,235.3,0.91781025,0.002424175
641,3,2/1/14,235.5,0.918820556,0.001100779
642,3,3/1/14,236,0.920696838,0.002042055
643,3,4/1/14,236.5,0.922413188,0.001864186
644,3,5/1/14,236.9,0.924168546,0.001903006
645,3,6/1/14,237.2,0.925389494,0.001321132
646,3,7/1/14,237.5,0.926431007,0.001125485
647,3,8/1/14,237.5,0.926282776,-0.000160001
648,3,9/1/14,237.5,9.26E-01,7.16E-05
649,3,10/1/14,237.4,0.926165753,-0.000197914
650,3,11/1/14,237,0.924422097,-0.00188266
651,3,12/1/14,236.3,0.921570616,-0.003084609
652,3,1/1/15,234.7,0.915586797,-0.006493067
653,3,2/1/15,235.2,0.917607408,0.002206904
654,3,3/1/15,236,0.92060712,0.003269057
655,3,4/1/15,236.2,0.92119614,0.000639817
656,3,5/1/15,237,0.92438699,0.003463812
657,3,6/1/15,237.7,0.927156555,0.002996109
658,3,7/1/15,238.1,0.928595948,0.001552481
659,3,8/1/15,238,0.928498428,-0.000105019
660,3,9/1/15,237.5,0.926462213,-0.002193019
661,3,10/1/15,237.8,0.927534932,0.001157865
662,3,11/1/15,238,0.928451618,0.000988304
663,3,12/1/15,237.8,0.92767536,-0.000836078
664,3,1/1/16,237.8,9.28E-01,6.73E-05
665,3,2/1/16,237.5,0.926317884,-0.001530486
666,3,3/1/16,238,0.928537436,0.002396102
667,3,4/1/16,238.8,0.931615163,0.003314597
668,3,5/1/16,239.5,0.93409997,0.002667203
669,3,6/1/16,240.2,0.936842228,0.002935723
670,3,7/1/16,240.2,9.37E-01,-7.08E-05
671,3,8/1/16,240.6,0.938539074,0.001882157
672,3,9/1/16,241.1,0.940290531,0.001866152
673,3,10/1/16,241.7,0.94278704,0.00265504
674,3,11/1/16,242,0.944105509,0.00139848
675,3,12/1/16,242.8,0.947003799,0.00306988
676,3,1/1/17,243.8,0.950935801,0.004152044
677,3,2/1/17,244,0.951641845,0.000742473
678,3,3/1/17,243.7,0.950814876,-0.000868991
679,3,4/1/17,244.1,0.951992916,0.001238979
680,3,5/1/17,244,0.951645745,-0.000364678
681,3,6/1/17,244.2,0.95250392,0.00090178
682,3,7/1/17,244.4,0.953315286,0.000851824
683,3,8/1/17,245.3,0.956853307,0.003711281
684,3,9/1/17,246.4,0.961226098,0.00456997
685,3,10/1/17,246.6,0.961885332,0.000685827
686,3,11/1/17,247.3,0.964791424,0.003021246
687,3,12/1/17,247.9,0.967010977,0.002300551
688,3,1/1/18,248.9,0.970845458,0.003965293
689,3,2/1/18,249.4,0.972737344,0.001948699
690,3,3/1/18,249.5,0.973240546,0.000517306
691,3,4/1/18,250,0.975027111,0.001835686
692,3,5/1/18,250.6,0.977718659,0.002760486
693,3,6/1/18,251.1,0.979622247,0.001946969
694,3,7/1/18,251.6,0.981428315,0.001843637
695,3,8/1/18,251.9,0.982528339,0.00112084
696,3,9/1/18,252,0.983039343,0.000520091
697,3,10/1/18,252.8,0.986097567,0.003110988
698,3,11/1/18,252.8,0.98596494,-0.000134497
699,3,12/1/18,252.7,0.98582061,-0.000146384
700,3,1/1/19,252.7,0.98562557,-0.000197845
701,3,2/1/19,253.1,0.98734192,0.001741381
702,3,3/1/19,254.1,0.991379243,0.004089083
703,3,4/1/19,255,0.994538887,0.003187119
704,3,5/1/19,255.2,0.995307344,0.000772676
705,3,6/1/19,255.3,0.995892463,0.000587878
706,3,7/1/19,256.2,0.999231543,0.003352852
707,3,8/1/19,256.3,0.999773754,0.000542627
708,3,9/1/19,256.4,1,0.000226297
,,,,,
709,4,1/1/00,4,0.4,0
710,4,2/1/00,4.1,0.41,0.025
711,4,3/1/00,4,0.4,-0.024390244
712,4,4/1/00,3.8,0.38,-0.05
713,4,5/1/00,4,0.4,0.052631579
714,4,6/1/00,4,0.4,0
715,4,7/1/00,4,0.4,0
716,4,8/1/00,4.1,0.41,0.025
717,4,9/1/00,3.9,0.39,-0.048780488
718,4,10/1/00,3.9,0.39,0
719,4,11/1/00,3.9,0.39,0
720,4,12/1/00,3.9,0.39,0
721,4,1/1/01,4.2,0.42,0.076923077
722,4,2/1/01,4.2,0.42,0
723,4,3/1/01,4.3,0.43,0.023809524
724,4,4/1/01,4.4,0.44,0.023255814
725,4,5/1/01,4.3,0.43,-0.022727273
726,4,6/1/01,4.5,0.45,0.046511628
727,4,7/1/01,4.6,0.46,0.022222222
728,4,8/1/01,4.9,0.49,0.065217391
729,4,9/1/01,5,0.5,0.020408163
730,4,10/1/01,5.3,0.53,0.020408163
731,4,11/1/01,5.5,0.55,0.020408163
732,4,12/1/01,5.7,0.57,0.020408163
733,4,1/1/02,5.7,0.57,0.020408163
734,4,2/1/02,5.7,0.57,0.020408163
735,4,3/1/02,5.7,0.57,0.020408163
736,4,4/1/02,5.9,0.59,0.020408163
737,4,5/1/02,5.8,0.58,0.020408163
738,4,6/1/02,5.8,0.58,0.020408163
739,4,7/1/02,5.8,0.58,0.020408163
740,4,8/1/02,5.7,0.57,0.020408163
741,4,9/1/02,5.7,0.57,0.020408163
742,4,10/1/02,5.7,0.57,0.020408163
743,4,11/1/02,5.9,0.59,0.020408163
744,4,12/1/02,6,0.6,0.020408163
745,4,1/1/03,5.8,0.58,0.020408163
746,4,2/1/03,5.9,0.59,0.020408163
747,4,3/1/03,5.9,0.59,0.020408163
748,4,4/1/03,6,0.6,0.020408163
749,4,5/1/03,6.1,0.61,0.020408163
750,4,6/1/03,6.3,0.63,0.020408163
751,4,7/1/03,6.2,0.62,0.020408163
752,4,8/1/03,6.1,0.61,0.020408163
753,4,9/1/03,6.1,0.61,0.020408163
754,4,10/1/03,6,0.6,0.020408163
755,4,11/1/03,5.8,0.58,0.020408163
756,4,12/1/03,5.7,0.57,0.020408163
757,4,1/1/04,5.7,0.57,0.020408163
758,4,2/1/04,5.6,0.56,0.020408163
759,4,3/1/04,5.8,0.58,0.020408163
760,4,4/1/04,5.6,0.56,0.020408163
761,4,5/1/04,5.6,0.56,0.020408163
762,4,6/1/04,5.6,0.56,0.020408163
763,4,7/1/04,5.5,0.55,0.020408163
764,4,8/1/04,5.4,0.54,0.020408163
765,4,9/1/04,5.4,0.54,0.020408163
766,4,10/1/04,5.5,0.55,0.020408163
767,4,11/1/04,5.4,0.54,0.020408163
768,4,12/1/04,5.4,0.54,0.020408163
769,4,1/1/05,5.3,0.53,0.020408163
770,4,2/1/05,5.4,0.54,0.020408163
771,4,3/1/05,5.2,0.52,0.020408163
772,4,4/1/05,5.2,0.52,0.020408163
773,4,5/1/05,5.1,0.51,0.020408163
774,4,6/1/05,5,0.5,0.020408163
775,4,7/1/05,5,0.5,0.020408163
776,4,8/1/05,4.9,0.49,0.020408163
777,4,9/1/05,5,0.5,0.020408163
778,4,10/1/05,5,0.5,0.020408163
779,4,11/1/05,5,0.5,0.020408163
780,4,12/1/05,4.9,0.49,0.020408163
781,4,1/1/06,4.7,0.47,0.020408163
782,4,2/1/06,4.8,0.48,0.020408163
783,4,3/1/06,4.7,0.47,0.020408163
784,4,4/1/06,4.7,0.47,0.020408163
785,4,5/1/06,4.6,0.46,0.020408163
786,4,6/1/06,4.6,0.46,0.020408163
787,4,7/1/06,4.7,0.47,0.020408163
788,4,8/1/06,4.7,0.47,0.020408163
789,4,9/1/06,4.5,0.45,0.020408163
790,4,10/1/06,4.4,0.44,0.020408163
791,4,11/1/06,4.5,0.45,0.020408163
792,4,12/1/06,4.4,0.44,0.020408163
793,4,1/1/07,4.6,0.46,0.020408163
794,4,2/1/07,4.5,0.45,0.020408163
795,4,3/1/07,4.4,0.44,0.020408163
796,4,4/1/07,4.5,0.45,0.020408163
797,4,5/1/07,4.4,0.44,0.020408163
798,4,6/1/07,4.6,0.46,0.020408163
799,4,7/1/07,4.7,0.47,0.020408163
800,4,8/1/07,4.6,0.46,0.020408163
801,4,9/1/07,4.7,0.47,0.020408163
802,4,10/1/07,4.7,0.47,0.020408163
803,4,11/1/07,4.7,0.47,0.020408163
804,4,12/1/07,5,0.5,0.020408163
805,4,1/1/08,5,0.5,0.020408163
806,4,2/1/08,4.9,0.49,0.020408163
807,4,3/1/08,5.1,0.51,0.020408163
808,4,4/1/08,5,0.5,0.020408163
809,4,5/1/08,5.4,0.54,0.020408163
810,4,6/1/08,5.6,0.56,0.020408163
811,4,7/1/08,5.8,0.58,0.020408163
812,4,8/1/08,6.1,0.61,0.020408163
813,4,9/1/08,6.1,0.61,0.020408163
814,4,10/1/08,6.5,0.65,0.020408163
815,4,11/1/08,6.8,0.68,0.020408163
816,4,12/1/08,7.3,0.73,0.020408163
817,4,1/1/09,7.8,0.78,0.020408163
818,4,2/1/09,8.3,0.83,0.020408163
819,4,3/1/09,8.7,0.87,0.020408163
820,4,4/1/09,9,0.9,0.020408163
821,4,5/1/09,9.4,0.94,0.020408163
822,4,6/1/09,9.5,0.95,0.020408163
823,4,7/1/09,9.5,0.95,0.020408163
824,4,8/1/09,9.6,0.96,0.020408163
825,4,9/1/09,9.8,0.98,0.020408163
826,4,10/1/09,10,1,0.020408163
827,4,11/1/09,9.9,0.99,0.020408163
828,4,12/1/09,9.9,0.99,0.020408163
829,4,1/1/10,9.8,0.98,0.020408163
830,4,2/1/10,9.8,0.98,0.020408163
831,4,3/1/10,9.9,0.99,0.020408163
832,4,4/1/10,9.9,0.99,0.020408163
833,4,5/1/10,9.6,0.96,0.020408163
834,4,6/1/10,9.4,0.94,0.020408163
835,4,7/1/10,9.4,0.94,0.020408163
836,4,8/1/10,9.5,0.95,0.020408163
837,4,9/1/10,9.5,0.95,0.020408163
838,4,10/1/10,9.4,0.94,0.020408163
839,4,11/1/10,9.8,0.98,0.020408163
840,4,12/1/10,9.3,0.93,0.020408163
841,4,1/1/11,9.1,0.91,0.020408163
842,4,2/1/11,9,0.9,0.020408163
843,4,3/1/11,9,0.9,0.020408163
844,4,4/1/11,9.1,0.91,0.020408163
845,4,5/1/11,9,0.9,0.020408163
846,4,6/1/11,9.1,0.91,0.020408163
847,4,7/1/11,9,0.9,0.020408163
848,4,8/1/11,9,0.9,0.020408163
849,4,9/1/11,9,0.9,0.020408163
850,4,10/1/11,8.8,0.88,0.020408163
851,4,11/1/11,8.6,0.86,0.020408163
852,4,12/1/11,8.5,0.85,0.020408163
853,4,1/1/12,8.3,0.83,0.020408163
854,4,2/1/12,8.3,0.83,0.020408163
855,4,3/1/12,8.2,0.82,0.020408163
856,4,4/1/12,8.2,0.82,0.020408163
857,4,5/1/12,8.2,0.82,0.020408163
858,4,6/1/12,8.2,0.82,0.020408163
859,4,7/1/12,8.2,0.82,0.020408163
860,4,8/1/12,8.1,0.81,0.020408163
861,4,9/1/12,7.8,0.78,0.020408163
862,4,10/1/12,7.8,0.78,0.020408163
863,4,11/1/12,7.7,0.77,0.020408163
864,4,12/1/12,7.9,0.79,0.020408163
865,4,1/1/13,8,0.8,0.020408163
866,4,2/1/13,7.7,0.77,0.020408163
867,4,3/1/13,7.5,0.75,0.020408163
868,4,4/1/13,7.6,0.76,0.020408163
869,4,5/1/13,7.5,0.75,0.020408163
870,4,6/1/13,7.5,0.75,0.020408163
871,4,7/1/13,7.3,0.73,0.020408163
872,4,8/1/13,7.2,0.72,0.020408163
873,4,9/1/13,7.2,0.72,0.020408163
874,4,10/1/13,7.2,0.72,0.020408163
875,4,11/1/13,6.9,0.69,0.020408163
876,4,12/1/13,6.7,0.67,0.020408163
877,4,1/1/14,6.6,0.66,0.020408163
878,4,2/1/14,6.7,0.67,0.020408163
879,4,3/1/14,6.7,0.67,0.020408163
880,4,4/1/14,6.2,0.62,0.020408163
881,4,5/1/14,6.3,0.63,0.020408163
882,4,6/1/14,6.1,0.61,0.020408163
883,4,7/1/14,6.2,0.62,0.020408163
884,4,8/1/14,6.1,0.61,0.020408163
885,4,9/1/14,5.9,0.59,0.020408163
886,4,10/1/14,5.7,0.57,0.020408163
887,4,11/1/14,5.8,0.58,0.020408163
888,4,12/1/14,5.6,0.56,0.020408163
889,4,1/1/15,5.7,0.57,0.020408163
890,4,2/1/15,5.5,0.55,0.020408163
891,4,3/1/15,5.4,0.54,0.020408163
892,4,4/1/15,5.4,0.54,0.020408163
893,4,5/1/15,5.6,0.56,0.020408163
894,4,6/1/15,5.3,0.53,0.020408163
895,4,7/1/15,5.2,0.52,0.020408163
896,4,8/1/15,5.1,0.51,0.020408163
897,4,9/1/15,5,0.5,0.020408163
898,4,10/1/15,5,0.5,0.020408163
899,4,11/1/15,5.1,0.51,0.020408163
900,4,12/1/15,5,0.5,0.020408163
901,4,1/1/16,4.9,0.49,0.020408163
902,4,2/1/16,4.9,0.49,0.020408163
903,4,3/1/16,5,0.5,0.020408163
904,4,4/1/16,5,0.5,0.020408163
905,4,5/1/16,4.8,0.48,0.020408163
906,4,6/1/16,4.9,0.49,0.020408163
907,4,7/1/16,4.8,0.48,0.020408163
908,4,8/1/16,4.9,0.49,0.020408163
909,4,9/1/16,5,0.5,0.020408163
910,4,10/1/16,4.9,0.49,0.020408163
911,4,11/1/16,4.7,0.47,0.020408163
912,4,12/1/16,4.7,0.47,0.020408163
913,4,1/1/17,4.7,0.47,0.020408163
914,4,2/1/17,4.7,0.47,0.020408163
915,4,3/1/17,4.4,0.44,0.020408163
916,4,4/1/17,4.4,0.44,0.020408163
917,4,5/1/17,4.4,0.44,0.020408163
918,4,6/1/17,4.3,0.43,0.020408163
919,4,7/1/17,4.3,0.43,0.020408163
920,4,8/1/17,4.4,0.44,0.020408163
921,4,9/1/17,4.2,0.42,0.020408163
922,4,10/1/17,4.1,0.41,0.020408163
923,4,11/1/17,4.2,0.42,0.020408163
924,4,12/1/17,4.1,0.41,0.020408163
925,4,1/1/18,4.1,0.41,0.020408163
926,4,2/1/18,4.1,0.41,0.020408163
927,4,3/1/18,4,0.4,0.020408163
928,4,4/1/18,3.9,0.39,0.020408163
929,4,5/1/18,3.8,0.38,0.020408163
930,4,6/1/18,4,0.4,0.020408163
931,4,7/1/18,3.9,0.39,0.020408163
932,4,8/1/18,3.8,0.38,0.020408163
933,4,9/1/18,3.7,0.37,0.020408163
934,4,10/1/18,3.8,0.38,0.020408163
935,4,11/1/18,3.7,0.37,0.020408163
936,4,12/1/18,3.9,0.39,0.020408163
937,4,1/1/19,4,0.4,0.020408163
938,4,2/1/19,3.8,0.38,0.020408163
939,4,3/1/19,3.8,0.38,0.020408163
940,4,4/1/19,3.6,0.36,0.020408163
941,4,5/1/19,3.6,0.36,0.020408163
942,4,6/1/19,3.7,0.37,0.020408163
943,4,7/1/19,3.7,0.37,0.020408163
944,4,8/1/19,3.7,0.37,0.020408163
945,4,9/1/19,3.5,0.35,0.020408163